age,BMI,PLT,AFP,ALB,AST,GGT
81,24.74245255,8.9,3.3,3.4,22,16
53,27.14158239,16.4,2.4,4.3,47,57
70,19.51840894,19.3,3.8,4.5,20,26
83,23.1385071,27,12.2,2.4,22,99
68,29.96432818,14.9,6.1,4.2,20,20
